"Game","Cabinet 1","Cabinet 2","Cabinet 3","Cabinet 4","Scoring"
"1944: The Loop Master","Street Fighter II Cabinet","","","","points"
"Aliens Vs. Predator","CPS-I / CPS-II / CPS-III Cabinet","","","","points"
"Armored Warriors","Street Fighter II’ Champion Edition Cabinet","","","","points"
"Art of Fighting","Neo-Geo Cabinet","","","","points"
"Asteroids","","","","","points"
"Battle Circuit","Street Fighter II’ Champion Edition Cabinet","","","","points"
"BurgerTime","","","","","points"
"Capcom Sports Club","Street Fighter II’ Champion Edition Cabinet","","","","points"
"Captain Commando","Street Fighter II’ Champion Edition Cabinet","","","","points"
"Centipede","Centipede Cabinet","","","","points"
"Commando","Street Fighter II Cabinet","","","","points"
"Crystal Castles","Centipede Cabinet","","","","points"
"Darkstalkers","CPS-I / CPS-II / CPS-III Cabinet","Street Fighter II Cabinet","","","points"
"Dig Dug","Ms. Pac-Man Cocktail","Pac-Man Cabinet","Pac-Mania Cabinet","","points"
"Dig Dug II","Ms. Pac-Man Cocktail","Pac-Man Cabinet","Pac-Mania Cabinet","","points"
"Donkey Kong","","","","","points"
"Donkey Kong 3","","","","","points"
"Donkey Kong Junior","Donkey Kong Jr. Cabinet","","","","points"
"Dragon's Lair","Dragon’s Lair Cabinet","","","","points"
"Dragon's Lair II: Time Warp","Dragon’s Lair Cabinet","","","","points"
"Final Fight","Street Fighter II Cabinet","Street Fighter II’ Champion Edition Cabinet","","","points"
"Frogger","","","","","points"
"Galaga","Ms. Pac-Man Cocktail","Pac-Man Cabinet","Pac-Mania Cabinet","","points"
"Galaga ’88","Pac-Man Cabinet","Pac-Mania Cabinet","","","points"
"Galaxian","Ms. Pac-Man Cabinet","Ms. Pac-Man Cocktail","Pac-Man Cabinet","Pac-Mania Cabinet","points"
"Gauntlet II","","","","","points"
"Ghosts 'N Goblins","Street Fighter II Cabinet","","","","points"
"Giga Wing","Street Fighter II’ Champion Edition Cabinet","","","","points"
"Gravitar","Centipede Cabinet","","","","points"
"Hyper Street Fighter II","CPS-I / CPS-II / CPS-III Cabinet","","","","points"
"Liberator","Centipede Cabinet","","","","points"
"Lunar Lander","Centipede Cabinet","","","","points"
"Mappy","Ms. Pac-Man Cocktail","Pac-Man Cabinet","Pac-Mania Cabinet","","points"
"Marvel Super Heroes Vs. Street Fighter","CPS-I / CPS-II / CPS-III Cabinet","","","","points"
"Marvel Vs. Capcom","CPS-I / CPS-II / CPS-III Cabinet","","","","points"
"Metal Slug 2","Neo-Geo Cabinet","","","","points"
"Mortal Kombat","Mortal Kombat II Cabinet","","","","points"
"Ms. Pac-Man","Ms. Pac-Man Cabinet","Ms. Pac-Man Cocktail","","","points"
"Ninja Masters","Neo-Geo Cabinet","","","","points"
"Pac & Pal","Ms. Pac-Man Cocktail","Pac-Man Cabinet","Pac-Mania Cabinet","","points"
"Pac-Land","Ms. Pac-Man Cocktail","Pac-Man Cabinet","Pac-Mania Cabinet","","points"
"Pac-Man","Pac-Man Cabinet","Pac-Mania Cabinet","","","points"
"Pac-Man Plus","Ms. Pac-Man Cabinet","Pac-Man Cabinet","Pac-Mania Cabinet","","points"
"Pac-Mania","Ms. Pac-Man Cabinet","Ms. Pac-Man Cocktail","Pac-Mania Cabinet","","points"
"Pengo","","","","","points"
"Progear","Street Fighter II’ Champion Edition Cabinet","","","","points"
"Puzzle Bobble","Neo-Geo Cabinet","","","","points"
"Q*bert","Q*bert Cabinet","","","","points"
"Real Bout Fatal Fury Special","Neo-Geo Cabinet","","","","points"
"Return of the Jedi","Star Wars Cabinet","","","","points"
"Rolling Thunder","Pac-Man Cabinet","Pac-Mania Cabinet","","","points"
"Rompers","Pac-Man Cabinet","Pac-Mania Cabinet","","","points"
"SVC Chaos: SNK Vs. Capcom","Neo-Geo Cabinet","","","","points"
"Samurai Shodown II","Neo-Geo Cabinet","","","","points"
"Samurai Shodown III","Neo-Geo Cabinet","","","","points"
"Saturday Night Slammasters","Street Fighter II’ Champion Edition Cabinet","","","","points"
"Shinobi","","","","","points"
"Soul Edge","Tekken 2 Cabinet","","","","points"
"Space Ace","Dragon’s Lair Cabinet","","","","points"
"Space Invaders","Space Invaders Cabinet","","","","points"
"Space Invaders Color","Space Invaders Cabinet","","","","points"
"Stakes Winner","Neo-Geo Cabinet","","","","points"
"Star Wars","Star Wars Cabinet","","","","points"
"Street Fighter","Street Fighter II Cabinet","","","","points"
"Street Fighter Alpha","CPS-I / CPS-II / CPS-III Cabinet","","","","points"
"Street Fighter Alpha 2","CPS-I / CPS-II / CPS-III Cabinet","","","","points"
"Street Fighter Alpha 3","CPS-I / CPS-II / CPS-III Cabinet","","","","points"
"Street Fighter II Champion Edition","CPS-I / CPS-II / CPS-III Cabinet","Street Fighter II Cabinet","Street Fighter II’ Champion Edition Cabinet","","points"
"Street Fighter II Hyper Fighting","CPS-I / CPS-II / CPS-III Cabinet","Street Fighter II Cabinet","Street Fighter II’ Champion Edition Cabinet","","points"
"Street Fighter II The World Warrior","CPS-I / CPS-II / CPS-III Cabinet","Street Fighter II Cabinet","","","points"
"Street Fighter III","CPS-I / CPS-II / CPS-III Cabinet","","","","points"
"Street Fighter Zero 2' Alpha","CPS-I / CPS-II / CPS-III Cabinet","","","","points"
"Strider","Street Fighter II Cabinet","Street Fighter II’ Champion Edition Cabinet","","","points"
"Super Mario Bros.","","","","","points"
"Super Mario Bros. 3","","","","","points"
"Super Pac-Man","Ms. Pac-Man Cocktail","Pac-Man Cabinet","Pac-Mania Cabinet","","points"
"Super Puzzle Fighter II Turbo","Street Fighter II’ Champion Edition Cabinet","","","","points"
"Super Street Fighter II","CPS-I / CPS-II / CPS-III Cabinet","Street Fighter II Cabinet","","","points"
"Super Street Fighter II Turbo","CPS-I / CPS-II / CPS-III Cabinet","Street Fighter II Cabinet","Street Fighter II’ Champion Edition Cabinet","","points"
"TMNT: Turtles in Time","TMNT: Turtles in Time Cabinet","","","","points"
"Teenage Mutant Ninja Turtles","TMNT: Turtles in Time Cabinet","","","","points"
"Tekken","Tekken 2 Cabinet","","","","points"
"Tekken 2","Tekken 2 Cabinet","","","","points"
"Tekken 3","Tekken 2 Cabinet","","","","points"
"Tetris","","","","","points"
"The Empire Strikes Back","Star Wars Cabinet","","","","points"
"The Goonies","","","","","points"
"The King of Dragons","Street Fighter II’ Champion Edition Cabinet","","","","points"
"The King of Fighters '94","Neo-Geo Cabinet","","","","points"
"The King of Fighters '95","Neo-Geo Cabinet","","","","points"
"The King of Fighters '96","Neo-Geo Cabinet","","","","points"
"The King of Fighters '98","Neo-Geo Cabinet","","","","points"
"The Simpsons","","","","","points"
"VS. Excitebike","Nintendo Vs. System Cabinet","","","","time"
"Vs. Super Mario Bros.","Nintendo Vs. System Cabinet","","","","points"
"Vs. The Goonies","Nintendo Vs. System Cabinet","","","","points"
"X-Men Vs. Street Fighter","CPS-I / CPS-II / CPS-III Cabinet","","","","points"
"X-Men: Children of the Atom","CPS-I / CPS-II / CPS-III Cabinet","","","","points"
